{"RMSE": 461.5930626649778, "R2": 0.10351654175857627}